{
  "input_video": "video_003.mp4",
  "input_size": [
    1920,
    1080
  ],
  "output_size": [
    1904,
    908
  ],
  "crop_xywh": [
    8,
    86,
    1904,
    908
  ],
  "camera_matrix": [
    [
      814.0799999999999,
      0.0,
      960.0
    ],
    [
      0.0,
      821.76,
      540.0
    ],
    [
      0.0,
      0.0,
      1.0
    ]
  ],
  "new_camera_matrix": [
    [
      593.6758510650038,
      0.0,
      960.0
    ],
    [
      0.0,
      599.2765666410888,
      540.0
    ],
    [
      0.0,
      0.0,
      1.0
    ]
  ]
}